,id_str,text,screen_name,search_term,search_term_group,source,ibm_watson_sentiment,sentiment
5440,1451018116088094720,"Pq tem gente falando quem casou e quem n√£o casou, sendo que no ultimo epis√≥dio o cabe√ßa de nois todos estava visita‚Ä¶ https://t.co/q4RDVRqU1G",kaiquevlima,netflix,netflix,Twitter for Android,-0.6833670000000001,-1
3162,1450832264145817600,Vou ter q assinar o globoplay s√≥ pra assistir verdades secretas af,Gois99Leticia,globoplay,globoplay,Twitter for iPhone,-0.8918729999999999,-1
2602,1451010603661811712,PAREM DE ASSISTIR VERDADES SECRETAS O GLOBOPLAY √â PIXUL√â E TA CAINDOOOOOOO,w_petun,globoplay,globoplay,Twitter for iPhone,-0.9241229999999999,-1
5341,1451156901656420352,enfim vendo death note antes de tirarem da netflix depois da mat√©ria que rolou kkkkkk,arigoncalvex,netflix,netflix,Twitter Web App,-0.6525310000000001,-1
7659,1449492320236277760,@nanacaligari @Netflix_Sandman @e3echo @lovegwendoline @neilhimself Cali me mandou e eu N√ÉO ESTOU NENHUM POUCO BEM,n_ins,netflix,netflix,Twitter for iPhone,-0.728079,-1
5776,1450869475868389376,"resmunguei horrores qd anunciaram rebelde da netflix, qd saiu o trailer assisti mil vezes pq eu gostei e agr saiu a‚Ä¶ https://t.co/Q5rZI7u8O5",_alinii,netflix,netflix,Twitter for iPhone,-0.760904,-1
2328,1451259478817509376,"Hahahahah... Acabei de maratonar #VerdadeSecretas2 todos os cap√≠tulos dispon√≠veis na @globoplay , pq sou dessas...‚Ä¶ https://t.co/sNvRCVmrbO",Renatak_Soares,globoplay,globoplay,Twitter for Android,0.8417,1
4884,1451522726473179136,"√© muito bonitinho quando a minha av√≥ faz isso
outro dia n√≥s colocamos netflix na tv ai ela anotou o passo a passo n‚Ä¶ https://t.co/W5HABPfCDQ",WhySoYoo,netflix,netflix,Twitter for Android,0.8937709999999999,1
2703,1450998166791274496,Eu acho que a cada bloco de 10 cap√≠tulos liberados o @globoplay tem que fazer uma live com o primeiro p√©s gente ass‚Ä¶ https://t.co/5EfgBaB2qi,BrunoSilvano,globoplay,globoplay,Twitter for iPhone,0.591225,1
2987,1450963360288280576,Assistir Verdades Secretas 2 - Segunda Temporada Todos Os Epis√≥dios Online #VerdadesSecretas2  #Globoplay‚Ä¶ https://t.co/F5KzBjnpLM,NitroNewsBrasil,globoplay,globoplay,Twitter Web App,0.810308,1
1356,1450147555577409536,@ferd_trindade @Dc_da_depressao Realmente ia diminuir um pouco a bilheteria de The Batman. Mas o Hype pra esse film‚Ä¶ https://t.co/W5G5qTpXrt,Guilher35241591,disney+,disney+,Twitter for Android,-0.683012,-1
4513,1451954748647776256,Agora o programa Tratamento de Choque est√° na Netflix. Eu adoro assistir isso no A&amp;E,millagrandinox,netflix,netflix,Twitter for Android,0.815457,1
7247,1449856022747693056,Muuuuito legal #BloodandWaterS2 na #netflix https://t.co/fFJ5rU551s,rorichter,netflix,netflix,Twitter for iPhone,0.9625459999999999,1
5459,1451008894508093440,"QUEM FEZ O JOSUKE NA PARTE 4???

FOI O YURI??? EU DESINSTALEI MINHA NETFLIX NO CELULAR",FoxyRArts,netflix,netflix,Twitter for Android,-0.811224,-1
3582,1450277489352265728,"@HBOMaxSuporte boa noite, por favor pode me ajudar? Eu tenho/tinha a assinatura do HBO Max na promo√ß√£o de 50% de de‚Ä¶ https://t.co/E5oP2k8nYP",brcamposarq,hbo max,hbomax,Twitter Web App,-0.526948,-1
5064,1451322225815179264,@chaseslau terceiro ano que lan√ßam continua√ß√£o desse filme daqui a vanessa ultrapassa a marca de hsm e fica marcada‚Ä¶ https://t.co/UBTenSkTnx,itsfiorini,netflix,netflix,Twitter for iPhone,0.803237,1
1400,1450123685973659648,"POXA, DISNEY https://t.co/azr6EHTZXH",RenatoCordoni,disney+,disney+,Twitter Web App,-0.8258610000000001,-1
3916,1450506535923290112,ucl √© na hbomax ou no star+ ? nao lembro üôÑüôÑ,FgaSpfc,hbomax,hbomax,Twitter Web App,-0.698258,-1
7226,1449869079112785920,"Ooh Netflix, Maid √© muito muito boa!! T√£o real!!",gabii_furtado,netflix,netflix,Twitter for iPhone,0.993324,1
4673,1451700215174639616,minha vida parece um filme (ruim) da Netflix,gabezzoca,netflix,netflix,Twitter for Android,-0.8965299999999999,-1
4634,1451728887994535936,Sextou com Netflix e meu doguinho. üòçüòç,RenataRosaB,netflix,netflix,Twitter for Android,0.985066,1
2445,1451154957932060672,@cleytu @globoplay Eu tb üòÇüòÇüòÇ,CeciliadeCassi6,globoplay,globoplay,Twitter for iPhone,0.574633,1
4384,1452079817969524736,"Algu√©m j√° viu #Insiders na Netflix?? To gostando, mas me achando burra porque ainda n√£o entendi se √© um reality sho‚Ä¶ https://t.co/wcj4gqOEhF",tah_viapiana,netflix,netflix,Twitter for iPhone,-0.9100360000000001,-1
2014,1451905191238848512,eu queria que a Agatha Moreira me desse um soco https://t.co/z0MDaooBZy,maycriada,globoplay,globoplay,Twitter Web App,-0.571146,-1
6224,1450578737276375040,algu√©m topa assistir cada um cmg e ir avaliando? netflix party vamos a√≠ https://t.co/tULj9GRqKR,toocloseforbruh,netflix,netflix,Twitter for iPhone,0.681826,1
5909,1450832619223060480,nossa t√¥ assistindo o pior filme da netflix,tajara_,netflix,netflix,Twitter for iPhone,-0.9365610000000001,-1
385,1451693885546172416,"@https_xovanna @ttdastephany_ @jaoromania KKKKKKK t√£o achando que t√£o na disney essas safadas, sou mais falida que voc√™s",anminyard,disney+,disney+,Twitter for Android,-0.757246,-1
7044,1449948578823249920,netflix libera logo os ep de casamento √†s cegasssss pelamor,maa_campregher,netflix,netflix,Twitter for iPhone,-0.7195590000000001,-1
7616,1449521237949140992,"@stesantos07 Com certeza √©, mas mo solid√£o kkkkk netflix √© minha companhia",LeonardoOlivxr,netflix,netflix,Twitter for iPhone,-0.707868,-1
1861,1452247081448509440,"@PaulinhaBraun @globoplay @brumelianebrum Lindas!
Paix√£o imediata.",regina_ferro,globoplay,globoplay,Twitter for Android,0.981469,1
7180,1449890112511348736,"nao

proxima

https://t.co/o64Jb9xkSj",lucaslte,netflix,netflix,Twitter Web App,-0.8408030000000001,-1
1157,1450437382583590912,"acordei, mas queria ter continuado dormindo pq tava sonhando q tava com o @Lucaszera00 na disney ü•≤",oifrancine,disney+,disney+,Twitter for iPhone,-0.6812090000000001,-1
7078,1449927134340960256,Devo assistir s√©rie de terror na Netflix e ficar morrendo de medo por 3 anos? s ou n,ruaruacosta,netflix,netflix,Twitter for Android,-0.946305,-1
294,1452094035154415616,@xHopetrix Mas qual o argumento que eles utilizaram para chegar a essa conclus√£o? Sei que a Disney nunca ia se pron‚Ä¶ https://t.co/pb376Brqrf,beta_fisk,disney+,disney+,Twitter Web App,-0.647728,-1
4171,1452342195390980096,Aconteceu o que eu nunca achei que aconteceria: meus pais trocando a TV aberta num domingo por reality na Netflix.‚Ä¶ https://t.co/X7x0naR46m,hgrcrd,netflix,netflix,Twitter Web App,-0.8714879999999999,-1
5930,1450823096827617280,"Pra quem quiser fazer uma mini maratona dos longas da Chlo√© Zhao antes de Eternos:

- Songs My Brothers Taught Me:‚Ä¶ https://t.co/KtGFdCeqCU",tiagocinefilo,netflix,netflix,Twitter for Android,0.738857,1
2563,1451019270444437504,"Ele j√° t√° com ci√∫mes, ele
#VerdadeSecretas2 https://t.co/2QEaP1elrb",news_globoplay,globoplay,globoplay,Twitter for Android,-0.799289,-1
5320,1451186403694370816,"Na @folha desta quinta-feira: Quest√£o de gosto: O sucesso de 'Round 6', a pol√™mica de 'Encerramento' e o lucro da N‚Ä¶ https://t.co/J65ztS8fM7",mauriciostycer,netflix,netflix,Twitter Web App,0.544272,1
1061,1450580186320211968,"@imarcellysouza Tem um aplicativo de gra√ßa no play store que o nome dele √© ""cine vision"" l√° tem todos os filmes e a‚Ä¶ https://t.co/2EUYjHqC7T",JosRodr73602293,disney+,disney+,Twitter for Android,0.648746,1
578,1451343275756032000,"Sabe pq eu vou cancelar o Disney plus esse m√™s? Pq o cinema voltou. E n√£o, n√£o me sinto seguro pra ir ao cinema ain‚Ä¶ https://t.co/5teKhZpprW",BlackerLotusMTG,disney+,disney+,Twitter for Android,-0.9329,-1
4069,1449438750199721984,"Para alegria dos f√£s, a terceira temporada de  Justi√ßa jovem  j√° est√° dispon√≠vel no HBO Max.

#geekrock #geek‚Ä¶ https://t.co/IxKIxc4ilP",geekrockoficial,hbomax,hbomax,mLabs - Gest√£o de Redes Sociais,0.923275,1
6730,1450219375512985600,INSANO! Suspense C√¥mico com humor √°cido est√° fazendo o maior SUCESSO na Netflix; Confira as rea√ß√µes! -‚Ä¶ https://t.co/FiLhS4J5z2,cinepop,netflix,netflix,cinepop,0.781179,1
4858,1451545022076162048,@pzgttr obg mor vou fazer rodizio de netflix,sotbutch,netflix,netflix,Twitter for Android,0.979535,1
5777,1450869366044647424,YOU √© a melhor s√©rie da Netflix,_santidadi,netflix,netflix,Twitter for iPhone,0.888581,1
6243,1450571601456607232,"A Netflix registrou lucro l√≠quido de US$ 1,449 bilh√£o no terceiro trimestre de 2021, uma alta de 83,4% na compara√ß√£‚Ä¶ https://t.co/kc4dMFoxPD",bmcnewstv,netflix,netflix,Twitter Web App,0.6310100000000001,1
4222,1452371821072986112,"Segundo site, a Netflix pagou R$ 110 milh√µes para adquirir Round 6, o maior sucesso do streaming at√© a atualidade.‚Ä¶ https://t.co/X0kPhb3axS",rollingstoneBR,netflix,netflix,Twitter Web App,0.8508979999999999,1
359,1451868026211553280,O pinto suicida foi um dos melhores v√≠deos da minha quarentena obg Disney+ https://t.co/Ugybqzj4yL https://t.co/zjNV70rvta,quasesnoopy,disney+,disney+,Twitter for Android,0.658904,1
4293,1452264518910894080,"‚ÄúDepartamento de Conspira√ß√µes‚Äù: 

Estreia na Netflix mais uma anima√ß√£o besteirol que vale a maratona. Do mesmo cria‚Ä¶ https://t.co/MRBGw4KvLB",HQzonna,netflix,netflix,Twitter for iPhone,0.769161,1
160,1452341221616230400,"Mc Disney √© o novo Coach Fazenda, cala a boca menino, morre de medo de ir pra ro√ßa, eu hein vai lavar a casinha do cachorro #Fazenda13",jey_loow,disney+,disney+,Twitter for Android,-0.9598190000000001,-1
5650,1450918489192112128,Achei legal o filme As Passageiras #NightTeeth ü§ò da #Netflix https://t.co/XLaoAiHiH9,AergesMonstrum,netflix,netflix,Twitter Web App,0.7123010000000001,1
589,1451317424981225472,@Eulavomeucarv Ser√° que n√£o √© por culpa do cara que mexe com a economia do pa√≠s e que falou que era inadmiss√≠vel fi‚Ä¶ https://t.co/Vm1gR8PJst,mandararj70,disney+,disney+,Twitter for Android,-0.8687370000000001,-1
1291,1450206318808215552,Disney altera data de lan√ßamento de filmes da Marvel --&gt; https://t.co/HNXg1GRNC6 https://t.co/wE5bofIlLx,sitevirgula,disney+,disney+,mLabs - Gest√£o de Redes Sociais,0.52835,1
1049,1450593277569273856,O streaming da Disney parece uma v√≠deo locadora e caro üëéüèΩ,abnneralexandre,disney+,disney+,Twitter for Android,-0.8975190000000001,-1
1655,1449443915401154560,"a mesma coisa de quem fala: ai, pq a Disney parou de produzir anima√ß√µes infantis...

GENTE? como se crian√ßa fosse i‚Ä¶ https://t.co/X1yPEoJdIQ",heygabreel,disney+,disney+,Twitter for Android,-0.727676,-1
5733,1450885358762303488,"sobre relacionamentos 

1. N√£o (O certo seria talvez, mas sem ter ctz √© melhor n√£o)
2. 3 vezes
3. PUTS 
4. Vamo dar‚Ä¶ https://t.co/SFVkDCWx6C",Audrorius,netflix,netflix,Twitter Web App,0.709993,1
7709,1449462722408685568,"N√£o acredito que mataram o Dan, que merda em Netflix #LuciferNetflix",gabslxx,netflix,netflix,Twitter for iPhone,-0.985499,-1
3011,1450956017097916416,"Acabei de assinar o globoplay para ver Orgias Secretas, que sabor viu",Fellipou,globoplay,globoplay,Twitter for Android,-0.531917,-1
4028,1449460461997592576,@HBOMax renova #Tit√£s para a sua quarta temporada&gt; https://t.co/2mRwPeLCaZ https://t.co/0FllfajdSm,TorreVigilancia,hbomax,hbomax,Twitter Web App,0.7838229999999999,1
756,1451011673423335424,@josezao04 @FortalezaEC O Fortaleza est√° na Disney enquanto o Atl√©tico est√° botando no nosso cu com √≥dio,cabecao_16,disney+,disney+,Twitter for Android,-0.937684,-1
2288,1451299521191874560,"@lacerda @globoplay arrebento com um homi desse, Jesus amado https://t.co/aAT0As26ji",nazavermelha,globoplay,globoplay,Twitter for Android,0.77913,1
464,1451616714060402688,"Foi-se um teto. Vem infla√ß√£o. Agora nem empregada e nem a classe m√©dia vai para a Disney. Acabou ""aquela festa danada""",andrejank,disney+,disney+,Twitter Web App,-0.922528,-1
3220,1452443241702383616,"@neyllorpaiva Ahh :( 
S√≥ em √©poca de BBB eu assino globoplay uabsuahsia.",ahquemdiga,globoplay,globoplay,Twitter for Android,-0.689876,-1
4396,1452067042970976256,@cielofavs nossa amo cinema e netflix n√£o sei decidir HAPPY SERQUEL DAY,mondlermills,netflix,netflix,Twitter for iPhone,0.969342,1
942,1450658318712811520,@philosopop Queria q o araujo puxasse o disney da baia. Ja pensou?,GlauAbdo,disney+,disney+,Twitter for iPhone,-0.778457,-1
6898,1450130937191272448,"""Maid"", na Netflix: se voc√™ ainda n√£o conhece Margaret Qualley, guarde e... https://t.co/65LS9CcLde via @YouTube",AMSBorges,netflix,netflix,Twitter for iPhone,0.774403,1
745,1451033576384913408,Pr√≥xima ro√ßa eu acho que o Bil ponhe o MC Disney na ro√ßa üëèüèº #AFazenda,QgBileide,disney+,disney+,Twitter for Android,-0.598604,-1
1600,1449553756107034624,"@rezerofagg @Chizurufag @Gui_Yuuki Acho q j√° tinha falado e eu to na disney

Nessa parte ela j√° √© ruim, mas ainda piora ü•∂",luiiss7am,disney+,disney+,Twitter for Android,-0.9747309999999999,-1
4976,1451363928450248704,üí£ Pol√™mica na Netflix: Funcion√°rios protestam contra produ√ß√£o transf√≥bica e comediante debocha de manifestantes.‚Ä¶ https://t.co/mADImNqBlR,MetroJornal,netflix,netflix,TweetDeck,-0.796804,-1
3140,1450852090532741120,Vou troca a senha do meu globoplay hoje! N√£o quero ter dificuldades pra assistir verdades secretas,monickykaneda,globoplay,globoplay,Twitter for iPhone,-0.8283209999999999,-1
4039,1449562644281794560,"@juliolguedes No caso dessa cr√≠tica fandom da hbomax hahahaha...ser f√£ de alguma coisa √© tenso, mas de empresa, plmds",MellamoSully,hbomax,hbomax,Twitter for Android,-0.711488,-1
6155,1450618062449881088,"Fazia muito tempo que uma serie (YOU, da netflix) n√£o me dava tanto gatilho, pegava em tanto ponto dolorido meu, co‚Ä¶ https://t.co/sU8eDW4FsR",Tony_Stonem,netflix,netflix,Twitter for iPhone,-0.912523,-1
2687,1450997036011118592,@RomuloEstrela @globoplay Vamo dan√ßar,dodogsssss,globoplay,globoplay,Twitter for Android,0.8644350000000001,1
6402,1450485179395489792,"@SerieManiacos La vem Netflix com essa frescura de parte, acho que sou o √∫nico que consegue aguentar at√© a segunda‚Ä¶ https://t.co/RXa6pOqDvr",leomar_omena,netflix,netflix,Twitter for Android,-0.609453,-1
4604,1451750321391341568,"Ja pode lan√ßar a 3 temp de lockr e key @netflix, tenho tempo pra esperar n fia",ericktelli,netflix,netflix,Twitter for Android,-0.603301,-1
7055,1449937145544724480,@Tatatrt @MauMeirelles N√£o √© poss√≠vel tem algu√©m filmando esse rol√™ pra vender pro Netflix,ortopedoc,netflix,netflix,Twitter for iPhone,-0.610452,-1
3666,1449892126049832960,@FiorottoBeatriz Espero q eles joguem na HBO MAX na hora‚Ä¶n√£o seja igual o HBO GO q caia na hora do GoT,OgaMendonca,hbo max,hbomax,Twitter for iPad,-0.659021,-1
3892,1451665874071527424,"@Tonzinho_Hehe @Kyumers o da Stargirl eu vi uns uniformes e achei feio demais kkk' mas se for igualmente ""tosco"" eu‚Ä¶ https://t.co/Q4JbaEAUub",thedanvelez,hbomax,hbomax,Twitter Web App,-0.5229050000000001,-1
6192,1450602328793489408,YouTube: A Batalha Esquecida ‚Äì Cr√≠tica do filme da¬†Netflix‚Ä¶ https://t.co/FyvT0p7wEl https://t.co/4KUTunQLO9,fps5000,netflix,netflix,WordPress.com,0.618046,1
4491,1451972146981392384,"Reassistindo Cowboy Bebop agr que ta na netflix, que anime bom caras slc",l_nittaa,netflix,netflix,Twitter for Android,0.716325,1
5384,1451076666764181504,comecei essa s√©rie my name da netflix,skyebennets,netflix,netflix,Twitter for iPhone,-0.5624560000000001,-1
4483,1451979946570756096,"a Gossip t√° narrando uma s√©rie da netflix, to amando ü§£ü§£",ViStefany2,netflix,netflix,Twitter for iPhone,0.967563,1
7485,1449606878506455040,"@NetflixBrasil Eu preciso da m√°scara e o uniforme do tri√¢ngulo ou do quadrado, nunca te pedi nada, viu Netflix, E v‚Ä¶ https://t.co/Qg8CkXvct1",joao_naletto,netflix,netflix,Twitter for Android,-0.68297,-1
6074,1450652095787544576,"Falou muito e disse nada. Refor√ßou o compromisso com a comunidade LGBTQ+, a diversidade que a Netflix estimula e co‚Ä¶ https://t.co/Osj7OyEogN",df_porto,netflix,netflix,Twitter for Android,0.8755809999999999,1
2204,1451351241779564544,@globoplay quando vcs v√£o colocar Ciranda de Pedra e Sinh√° Mo√ßa na plataforma? Acordem plmdds,deodoraniemann,globoplay,globoplay,Twitter for Android,-0.8398969999999999,-1
4466,1452005054999891968,"@FlavioWizard @pedropoeira Eu queria rever, mas tiraram da Netflix",Likahmoto,netflix,netflix,Twitter for Android,-0.735582,-1
4097,1449329549133721600,"@hbomaxbr_portal bom dia, portal vc sabe de dizer se na hora do DcfanDone. A HBOMAX vai criar alguma tela com a tra‚Ä¶ https://t.co/0vRywgfAG6",2TrYpA9,hbomax,hbomax,Twitter for Android,0.875883,1
7744,1449438605659844608,eu nao t√¥ acreditando que pretty smart terminou daquele jeito PELO AMOR DE DEUS NETFLIX SE VC CANCELAR EU TE MATO,laraayurii,netflix,netflix,Twitter for Android,-0.685005,-1
3798,1449416802698776576,"@JonatasXB117 @Lancaster1222 Pior que a HBO Max tem o melhor cat√°logo, ao lado do PrimeVideo e Telecine. Bem que po‚Ä¶ https://t.co/1Acw14GoyZ",FiguraCrazy,hbo max,hbomax,Twitter for Android,0.839534,1
5616,1450939785850277888,"Casa toda pra mim, um monte de comida e Netflix, eu n√£o quero mas nada! ü•∞ü•∞ü•∞",Leny_sousa1,netflix,netflix,Twitter for iPhone,-0.874134,-1
3611,1450166956733210624,Cancelei todos os servi√ßos de Streaming. Deixei apenas HBO Max e Prime Video pq √© baratinho.,_zorato,hbo max,hbomax,Twitter Web App,-0.9149149999999999,-1
1409,1450120853258215424,E l√° vamos n√≥s pra Disney mudando o calend√°rio de novo https://t.co/OBGvWz67kq,sr_artie,disney+,disney+,Twitter Web App,0.657782,1
2308,1451275451540901888,@renereserv_ @mathbeniciio @globoplay @Paco @DodiGentil_ No caso a sua travou ontem ou vc n√£o assitiu?,chillsecrets,globoplay,globoplay,Twitter for Android,-0.768095,-1
6532,1450428280100855808,@enzo_aleatorios @_oyuura @MoriaVelis N√£o v√£o... Enquanto existir algum programa ou filme da Record na Netflix eles‚Ä¶ https://t.co/mqGYxPCYSI,felipeandradert,netflix,netflix,Twitter for Android,-0.767708,-1
658,1451228925175214080,#F90BR Que programa ruim‚Ä¶. Quando a Disney tomou conta acabou com tudo e vai acabar com Star Wars tamb√©m..,cavieira1964,disney+,disney+,Twitter for iPhone,-0.965612,-1
6424,1450472441222946816,Gente e essa apresenta√ß√£o incr√≠vel de Cowboy Bebop que a Netflix liberou para todo mundo? Chega deu aquela animada‚Ä¶ https://t.co/os6WEZhHZi,canaltech,netflix,netflix,Twitter Web App,0.9950969999999999,1
6021,1450674961283260416,Finalmente iniciando e j√° adorando SEX EDUCATION - season 3 #Netflix,osiris_br,netflix,netflix,Twitter for iPhone,0.9825959999999999,1
2065,1451711417250369536,"FEN√îMENO - #VerdadesSecretas2

#VS2 fechou as suas primeiras 24h com 1.988.342 horas de consumo. √â a melhor estr√©ia‚Ä¶ https://t.co/n8uHqmTAfr",news_globoplay,globoplay,globoplay,Twitter for Android,0.789146,1
2603,1451010571277684736,"@RomuloEstrela @globoplay R√¥mulo beb√™, casa comigo. https://t.co/otocWYvXDW",dyegomariz,globoplay,globoplay,Twitter for Android,0.503679,1
757,1451010030258597888,"Essa chamada da NBA com o @romulomendonca, que t√° sensacional, me faz crer que perdemos um guerreiro da MLB para as‚Ä¶ https://t.co/QMAERxK3vT",matanaka,disney+,disney+,Twitter for iPhone,0.799795,1
6911,1450123329763938304,Epis√≥dio da semana do @PocsNews sobre o document√°rio da Netflix Pray Away üëáüèΩ https://t.co/69dd77EM4q,atilacarmo,netflix,netflix,Twitter for iPhone,-0.7629739999999999,-1
5688,1450903166032220160,Sr @NetflixBrasil poderia liberar os relacionamentos que voc√™s descartaram n√©. Deixa a gente v√™ tudo vai üíúüò¢ n√£o sei‚Ä¶ https://t.co/w8voDbSmMl,margoperline,netflix,netflix,Twitter for Android,-0.602934,-1
7040,1449950814735413248,"Essa netflix j√° enjoo, nada diferente tudo repetido aaaaf",LuucassHs,netflix,netflix,Twitter for Android,-0.973721,-1
6524,1450434419580342272,Putaria da Netflix n√£o soltar tudo de uma vez logo. √ìdio.,RafaellaNoles,netflix,netflix,Twitter for iPhone,-0.983085,-1
2185,1451362048668053504,s√≥ queria ter globoplay dnv p assistir verdades secretas üò≠üò≠üò≠,ttdevellyn,globoplay,globoplay,Twitter for Android,-0.9563889999999999,-1
1147,1450459708909883392,"@MulherTamarindo Vai de Princesas Disney ou Star Wars no McLanche Feliz?

‚ÅΩ·µâ·µò ·µñ·µâ·µç·µÉ ≥·∂¶·µÉ À¢·µó·µÉ ≥  ∑·µÉ ≥À¢‚Åæ",erikgranato,disney+,disney+,Twitter Web App,0.895077,1
1654,1449446350165250048,Minha vida n√£o √© Disney n√£o ou FDP üßê,BrasiliaFl,disney+,disney+,Twitter for Android,-0.925364,-1
1022,1450643566997422080,O Mc Disney ficou bem quietinho com a puni√ß√£o n√©? #AFazenda #Ro√ßaAFazenda https://t.co/0N99jaEWTW,descomplicadah,disney+,disney+,Twitter for iPhone,-0.688583,-1
6002,1450698795625467904,"Juliana Paes e Leandro Hassum estrelam Amor Sem Medida, novo filme da Netflix https://t.co/LTG561MXqi https://t.co/7E1nt4tiyP",saladadecinema,netflix,netflix,TweetDeck,0.8254450000000001,1
3219,1452433079952347136,"@globoplay t√° complicado em, n√£o funciona por nada",MatheusMarini,globoplay,globoplay,Twitter for iPhone,-0.878223,-1
320,1452045373007175680,Liked on YouTube: Di√°rio de um Banana | Trailer Oficial Dublado |¬†Disney+ https://t.co/EHgL5wy9NQ https://t.co/oMxGEIHXYQ,fps5000,disney+,disney+,WordPress.com,0.740445,1
3035,1450936547335983104,"@victormarcc @globoplay Nossa senhora, consegue n√£o kkkkk
√â muita informa√ß√£o que tu vai perder",bcardosomartins,globoplay,globoplay,Twitter for iPhone,-0.7025640000000001,-1
792,1450950660229378048,@mariacahrey e as q ouvi n√£o s√£o ruins mas parece um √°lbum teen de algu√©m q ainda est√° na Disney,shinesza,disney+,disney+,Twitter for iPhone,-0.841158,-1
892,1450797510021115904,Esse eu n√£o vou perder !!! https://t.co/296Ukd5vOn,4onerd,disney+,disney+,WordPress.com,-0.784506,-1
5115,1451292211237249024,üí£ Pol√™mica na Netflix: Funcion√°rios protestam contra produ√ß√£o transf√≥bica e comediante debocha de manifestantes.‚Ä¶ https://t.co/FKckW7Aq9t,MetroJornal,netflix,netflix,TweetDeck,-0.796804,-1
1822,1452420886632480768,@RainhaDosGato @DonaErvilha Mas gente eu assisto v√°rias coisas na globoplay de boa,mlaudeauser,globoplay,globoplay,Twitter for iPhone,0.788959,1
3127,1450864886825750528,"Ahhhh Marasli vai para o globoplay ‚ô•Ô∏è‚ô•Ô∏è‚ô•Ô∏è 
Am√©m am√©m am√©m
Vou finalizar finalmente https://t.co/a8upYnK7ZP",Lalafd87,globoplay,globoplay,Twitter for Android,0.992993,1
4617,1451737574159101952,"@PatySoelo Boa Noite Amiga Paty vou seguir tua recomenda√ß√£o, tem na Netflix √© realmente boa fique bem üôèüèªüôèüèªüôèüèª excelente Fim-de-semana",alexans118,netflix,netflix,Twitter Web App,0.994291,1
5051,1451329143820390400,"n√£o √© poss√≠vel que eu vou ter que dar unfollow nessa desgra√ßada da Netflix s
pra parar de receber spoiler",csolastan,netflix,netflix,Twitter for Android,-0.954139,-1
4416,1452058559722700800,Essa rebelde da Netflix tik tok n√£o vai me descer n√£o,naoseificarso,netflix,netflix,Twitter for iPhone,-0.8819950000000001,-1
3190,1450784332071723008,"eu vou ter que assinar o globoplay, √© isso mesmo?",thonkiz_art,globoplay,globoplay,Twitter Web App,-0.526877,-1
4038,1449562840826847232,@mestreryu @DCComics @hbomax @hbomaxbr_portal @DCBatman Tamo junto meu amigo,Cristia60426068,hbomax,hbomax,Twitter for Android,0.9499879999999999,1
3195,1450781356389249024,"@jlmarques_ @globoplay Menino, t√¥ doidinho pra ver rs",uppaulob,globoplay,globoplay,Twitter for Android,0.9256,1
3725,1449564009225760768,"Parei pra ver aquele Maligno, no HBO Max. Tanto tempo esperando. √â pra aprender que toda expectativa gerada √© uma p‚Ä¶ https://t.co/Q6GjR6aDMb",AlexWeigertt,hbo max,hbomax,Twitter for Android,-0.6791510000000001,-1
1150,1450454187511361536,"Artista atualiza princesas da Disney como mulheres modernas e o resultado √© surpreendente!

https://t.co/lXyRgMFZ5J",garotasgeeks,disney+,disney+,TweetDeck,0.929947,1
6771,1450193753835180032,"Uma confeitaria em Pequim, na China, se inspirou na produ√ß√£o coreana ‚ÄúRound 6‚Äù para lan√ßar um desafio. Por 58 yuans‚Ä¶ https://t.co/MN5I6xgcAu",sitevirgula,netflix,netflix,mLabs - Gest√£o de Redes Sociais,0.557859,1
5415,1451033687005466624,"Cowboy Bebop j√° est√° dispon√≠vel na Netflix!

#CowboyBebop https://t.co/ejcTk1KxIG",_cultura_geek,netflix,netflix,Twitter for Android,0.9258370000000001,1
5682,1450906058625585152,"Hoje s√≥ vou trabalhar at√© √°s 17h, estou morrendo de dor de cabe√ßa (nem estudar hoje eu vou). S√≥ preciso da minha ca‚Ä¶ https://t.co/WCn5sKLsqV",Jooycinhaa_28,netflix,netflix,Twitter Web App,-0.9639610000000001,-1
384,1451694709957701632,"n√£o quero mesmo eu hein imagina algu√©m dependendo de mim pro resto da vida????? thanks but no thanks

amo crian√ßas‚Ä¶ https://t.co/M0nkIb1mix",laylavictoriart,disney+,disney+,Twitter for iPhone,0.9548120000000001,1
1160,1450431351052718080,"Acabei de ver naquele buscar da outra rede, uma pessoa na Euro Disney fazendo dancinha pra v√≠deo de TikTok. Ta√≠ uma‚Ä¶ https://t.co/HQVK5mo6jU",mayzapmelo,disney+,disney+,Twitter for iPhone,0.601667,1
3233,1452446789425111040,@warleyralmeida @TomBombadil1954 @WeiseFranklin @willszr @EduardoLeite_ Aqui ele sinalizando devo√ß√£o √† tribo numa r‚Ä¶ https://t.co/c0mcejHNY2,gandralf,globoplay,globoplay,Twitter Web App,0.7388060000000001,1
3681,1449844143493206016,"eu nao acredito que colocaram shameless na hbo max eu quero chorarrrrr
bem quando eu terminei de ver tudo pelo telegram",marcelinomimi,hbo max,hbomax,Twitter for iPhone,-0.866332,-1
147,1452354614737739776,"@sensationcomic Quem n√£o d√° liberdade e a Disney 
As vezes eu acho que foi um erro a compra da Marvel pela Disney",SabrinaRafa3,disney+,disney+,Twitter for Android,-0.8755229999999999,-1
6955,1450093629452738560,"""Round 6"" j√° √© a s√©rie mais assistida de todos os tempos na Netflix. Ent√£o, as fantasias inspiradas nesse fen√¥meno‚Ä¶ https://t.co/j4Ocbp22Xb",FashionBubbles,netflix,netflix,Twitter Web App,0.8250139999999999,1
7278,1449838545699549184,Uma s√©rie incr√≠vel pra voc√™ assistir na Netflix - Melhores s√©ries da net... https://t.co/lYfVCJk1rv via @YouTube,J_u_u_h,netflix,netflix,Twitter Web App,0.980617,1
347,1451912155054452736,"quando eu fizer 32 anos eu vou para a disney, vou vestir a fantasia do pateta e fazer a alegria de v√°rias crian√ßas",hankevanss,disney+,disney+,Twitter for Android,0.951722,1
3106,1450884644241616896,"O relator apontou nove crimes que teriam sido cometidos por Bolsonaro na condu√ß√£o da pandemia. No documento, Renan‚Ä¶ https://t.co/edQjOj9Ucj",jornalhoje,globoplay,globoplay,TweetDeck,-0.744169,-1
3552,1450547972152901632,"Narrador: vai perder esse jog√£o do PSG exclusivo na HBO Max ??

Eu assistindo no mul**can*is: üò≥",enzo___teodoro,hbo max,hbomax,Twitter Web App,-0.7987479999999999,-1
2783,1450988876785504256,@carlosunger Globoplay nao funfa aqui,Joel_Antunes,globoplay,globoplay,Twitter for iPhone,-0.750329,-1
2834,1450984408735961088,@globoplay menos de dez minutos de cenas e eu j√° t√¥ passando mal aqui! #VerdadeSecretasII,EsposoDaManu,globoplay,globoplay,Twitter for iPhone,-0.829644,-1
5392,1451061167472922624,"|  Cr√≠tica | ùó¢ ùóõùóºùó∫ùó≤ùó∫ ùóóùóÆùòÄ ùóñùóÆùòÄùòÅùóÆùóªùóµùóÆùòÄ (Mikkel Serup, 2021)

‚úÖ ùó¶ùó∂ùó¥ùóÆ ùóªùóºùòÄùòÄùóÆùòÄ ùóøùó≤ùó±ùó≤ùòÄ ùòÄùóºùó∞ùó∂ùóÆùó∂ùòÄ. Nosso projeto est√° s√≥ no in√≠c‚Ä¶ https://t.co/dRLsDkdD7v",dossie_etc,netflix,netflix,Twitter Web App,0.526092,1
141,1452361281772589056,"abracadabra e hallowentown melhores filmes de halloween da Disney
junto da maior o estranho mundo de Jack",L_Diego5,disney+,disney+,Twitter for iPhone,0.910157,1
7156,1449899996044791808,"@gakim0 vc parece muito com a menina de uma s√©rie da netflix, chamada extracurricular",marllonfelipe,netflix,netflix,Twitter Web App,0.652334,1
3056,1450921459086397440,Eis que vc est√° no meio do expediente e te relembram que a serie que vc mais quer assistir em 2021 estrear√° HOJE!‚Ä¶ https://t.co/lRNizues07,caduko,globoplay,globoplay,Twitter for iPhone,0.8437040000000001,1
2232,1451369169669312512,Cad√™ as amizades com a conta globoplay??,igor_mirandaa,globoplay,globoplay,Twitter for iPhone,-0.692876,-1
6053,1450659127290699776,"@pedroivoalmeida @Casimiro acho que por sr conte√∫do da Netflix n√£o pode, uma pena!",obieldiniz,netflix,netflix,Twitter Web App,-0.892932,-1
2187,1451359790739955712,"@globoplay assinei o Globoplay pela AppStore, mas ao acessar com a minha conta o site ele n√£o me reconhece como ass‚Ä¶ https://t.co/6SHcS7AWeP",brunoagsk,globoplay,globoplay,Twitter for iPhone,-0.686516,-1
6487,1450449033185660928,THE LOST SESSION! Novo cartaz oficial da s√©rie em live-action de #CowboyBebop para a Netflix üí• https://t.co/DdS06VSZGY,nerd_site,netflix,netflix,Twitter for Android,0.677708,1
4543,1451914215992741888,Confira os Melhores Filmes de Aventura para maratonar na Netflix https://t.co/pobWk1V8A8,tsvenceslau,netflix,netflix,Twitter for Android,0.726639,1
7708,1449463131441438720,@HorrorMoviesBR Eu com √≥dio p a nova de slasher n√£o vai ser exibida pela Netflix https://t.co/jJY0rcOAhn,galdinaxx,netflix,netflix,Twitter for Android,-0.763559,-1
4642,1451724036665380864,"O Cowboy Bebop entrou na Netflix Brasil, recomendo demais!!!! (Eles inclu√≠ram a dublagem brasileira!!!!) https://t.co/7YY6XYGPF2",LuckySalamander,netflix,netflix,Twitter Web App,0.9944559999999999,1
7514,1449583330886885376,Aceitei o fato de que n√£o vou beijar ningu√©m em 2021. Essa semana passei a sexta e o s√°bado a noite em casa assisti‚Ä¶ https://t.co/bZfjzsRbmR,psorlucas,netflix,netflix,Twitter for iPhone,-0.68725,-1
5286,1451177692657700864,@Luiza666 ... e que eu s√≥ gostava pq era reacinha e n√£o sabia. Ver o especial da Netflix dele foi uma agrad√°vel sur‚Ä¶ https://t.co/NiwYRxJMQR,commiespecter,netflix,netflix,Twitter Web App,0.729816,1
5847,1450849079966289920,"@_hadassinha Assiste beleza oculta, tem no Netflix",R_drig9,netflix,netflix,Twitter for Android,0.815733,1
8008,1450087754780618752,"@helisonsm @PrimeVideoBR @paramountplusbr Que pena!! Primevideo vai ficando com pouca coisa, mas se bem q √© um bonu‚Ä¶ https://t.co/pDlXEQTJzQ",jeffvillalbabr,primevideo,primevideo,Twitter for Android,-0.5864199999999999,-1
4115,1452424432144748544,"@MB3RT0 @deathgasmer @matheusjoyboy E de qualquer forma, n√£o tem nem liga√ß√£o falar que algo vai dar errado s√≥ pq fi‚Ä¶ https://t.co/zpyqYFoJAI",Nathybasket,netflix,netflix,Twitter Web App,-0.7533890000000001,-1
2189,1451357975894020096,"@ocallaghanrod @globoplay Se n√£o quiser usar doa, com certeza alguma institui√ß√£o vai fazer bom uso üôÇ",xonas,globoplay,globoplay,Twitter for Android,0.841298,1
7576,1449545302390759424,"Porra nenhuma pra fazer
Nada que preste na Netflix
Noite chuvosa , lugar nenhum pra ir 
Porra que t√©dio
Nem sono pr‚Ä¶ https://t.co/lMIoMj0T5T",CanhotoNao,netflix,netflix,Twitter for Android,-0.9882709999999999,-1
3230,1452449745666969600,@lucas_rabbelo N√£o √© a mesma. Justamente por isso est√° em uma pasta separada.,news_globoplay,globoplay,globoplay,Twitter for Android,-0.710875,-1
6445,1450462243456536576,Nem acredito que saiu Carandiru na Netflix üíñü•∞,gfnascimento19,netflix,netflix,Twitter for Android,-0.853299,-1
6754,1450204598665424896,Pq realmente Netflix postar algo assim vai fazer as pessoas que s√£o f√£s do reelde mexicano quererem assistir... n√£o‚Ä¶ https://t.co/TPBc9k1RoL,Yaya__SG,netflix,netflix,Twitter for Android,-0.9219360000000001,-1
569,1451356496017739776,nunca fui triste s√©rio obg disney!!!!!!!!!!!!!!! https://t.co/gJnFCBDhx2,Rayanedonadio1,disney+,disney+,Twitter Web App,-0.756264,-1
7596,1449529422520983552,"um sabadinho chuvoso desse com netflix, t√° sendo um s√°bado muito gostosin",alvelinooo,netflix,netflix,Twitter for iPhone,0.8714360000000001,1
3715,1449634046292762624,@boundtoherrera Mas cagaram pra Tenet porque me lan√ßaram no meio da pandemia quando deu uma quedinha nas mortes. No‚Ä¶ https://t.co/rJ9a4OQ3y6,EuInacioNetto,hbo max,hbomax,Twitter for Android,-0.971817,-1
4163,1452347960243675136,uma das produ√ß√µes originais da Netflix que n√£o me canso de recomendar √© 'Filmes que Marcam √âpoca'. √â um prato cheio‚Ä¶ https://t.co/IZ2veak49j,anicolau88,netflix,netflix,TweetDeck,0.787957,1
3457,1450903294637903872,"Eu tenho a sensa√ß√£o que todo jogo que vou assistir na merda da HBO Max, √© o fraqu√≠ssimo Jorge Iggor que narra.",odiogodefreitas,hbo max,hbomax,Twitter for iPhone,-0.7594810000000001,-1
1329,1450174360027795456,@ComboInfinito Engra√ßado que hoje me chegou uma pesquisa de satisfa√ß√£o do disney+ e eu reclamei que atualiza pouco. Rsrs.,RickKtips,disney+,disney+,Twitter for Android,0.9639610000000001,1
7821,1449374969264320512,"como assim eu vou ter que esperar pra ver o resto do casamento as cegas, tava envolvidassa j√° netflix por favor tem crian√ßa chorando aqui",browniedecu,netflix,netflix,Twitter Web App,-0.8366870000000001,-1
288,1451974864047312896,@CliCarvalho Disney+ todos os cl√°ssicos. t√¥ maratonando inclusive,broccolith,disney+,disney+,Twitter for Android,0.877922,1
2993,1450961484343808000,"Opera√ß√£o Pac√≠fico na Globoplay, quem mais assiste em espanhol? Estou terminando e j√° triste por n√£o ter mais epis√≥dios.",rsantanielli,globoplay,globoplay,Twitter for Android,-0.882826,-1
4947,1451383296106147840,"Oq as outras meninas querem na tpm: mimos, amor, carinho e ver Netflix
Eu: comida e poder dar ü§èüèª‚ú®üòç",Juhxb_,netflix,netflix,Twitter for Android,0.9682850000000001,1
6957,1450090759839944704,"n√£o gostei do final da 3¬∞ temp de You, dona Netflix matou a mulh√© e eu gostava dela",gllanzy,netflix,netflix,Twitter for Android,-0.955303,-1
6633,1450262702480412672,"descobri que a Netflix da minha ex ainda t√° no meu celular üòçüòç
seria errado eu usar? KKKKKK",souza_psnrs,netflix,netflix,Twitter for Android,0.6301399999999999,1
6435,1450467725743202304,"quem diria q eu estaria aqui, ansioso pro cowboy bebop do netflix",PavloQveiroz,netflix,netflix,Twitter Web App,0.788794,1
4712,1451666075561742336,queria ver um filme mas lembrei que n√£o tenho mais Netflix ü§°,iluzialima,netflix,netflix,Twitter for iPhone,-0.904114,-1
6569,1450308623977095168,Algu√©m a√≠ j√° viu aquele Sweet Home da Netflix? Eh daora?,Sicolinossd,netflix,netflix,Twitter for iPhone,0.718441,1
7340,1449796711392714752,"Voc√™ pediu e a Netflix liberou!

A playlist da 2¬™ temporada de Locke &amp; Key j√° est√° dispon√≠vel no @SpotifyBrasil üé∂‚Ä¶ https://t.co/zBDfc1GKG5",brlockeandkey,netflix,netflix,Twitter for Android,0.6568039999999999,1
3559,1450536881914007552,Vai rolar a bola agora para PSG x RB Leipzig. Transmiss√£o ao vivo do SBT e da TNT. O Space mostra Atl√©tico de Madri‚Ä¶ https://t.co/wFXni31qYS,allansimon91,hbo max,hbomax,Twitter Web App,0.526384,1
7045,1449946613917622272,@mamorettoo realmente ta tendo muito impacto mas quanto a inovar discordo... pra mim √© mais um gen√©rico da netflix‚Ä¶ https://t.co/M0meD79jTI,leonardinhar,netflix,netflix,Twitter for iPhone,0.740876,1
6778,1450187452879081472,"@fallintokdrama kkkkkk sim exatamente, eu tinha assistindo somente um dorama na vida que foi ( alice in borderland)‚Ä¶ https://t.co/SkoyyPozkW",tvdxuniverso,netflix,netflix,Twitter for Android,0.693591,1
6257,1450565708144857088,"da√≠ o problema, que as pessoas inteligentes j√° apontavam h√° muito tempo, da Netflix ser a √∫nica fonte oficial de au‚Ä¶ https://t.co/wyTcLdbT51",caiocoletti,netflix,netflix,Twitter Web App,-0.817046,-1
7642,1449504952691343360,E vamos de torcer pelo casal mais brabo da Netflix ü•∞ https://t.co/27l4BZDWVC,LeticiasAnatomy,netflix,netflix,Twitter for iPhone,0.79945,1
916,1450670013787131904,"@chicobarney Mc Disney n√£o  chega muito longe , ele quer ser a voz da raz√£o...man√©.",Jonathandefar,disney+,disney+,Twitter for Android,-0.953023,-1
6637,1450261628075876352,"@cm1lle Ai amg todo mundo fala issoo que tristeza, nem pra Netflix renovar a s√©rie pra eu ver o final da hist√≥ria üòî",sheisali_,netflix,netflix,Twitter for Android,-0.9690479999999999,-1
7095,1449921497720557568,@a_alinediniz @rvandromel Doces M√°gnolias na Netflix √© EXATAMENTE a mesma vibe! üíñ,patricia_gomes,netflix,netflix,Twitter for iPhone,0.9425459999999999,1
3551,1450548252575780864,Ah... QUE SHOW √â O SINAL DA HBO MAX!!! Meu SONHO DE CONSUMO √© o sinal da HBO com o cat√°logo do Star+,vandokajuru,hbo max,hbomax,Twitter for Android,0.5705859999999999,1
4586,1451776242789883904,02:02 e eu t√¥ de cabe√ßa no casamento √†s cegas mkkkkkk obg Netflix por essa enxurrada de vergonha alheia,thaisddr_,netflix,netflix,Twitter for iPhone,-0.840541,-1
4393,1452069138608889856,"@EmillenyLazaro Good Witch! minha s√©rie conforto ü•∞ a mais levinha √°gua com a√ß√∫car que h√°!

Crazy Ex-Girlfriend (tud‚Ä¶ https://t.co/BHpCBkUyaT",anitadash,netflix,netflix,Twitter for iPhone,0.5843510000000001,1
5644,1450921261417340928,"como q tem uma s√©rie na Netflix chamada ""vida ap√≥s a morte"" e eu nunca assisti ??????",ClarsSinclair,netflix,netflix,Twitter for Android,-0.661924,-1
4931,1451391645589647360,"Esperando pra v√™ quanto tempo a Amazon e Netflix vai demorar pra colocar o filme ""Uma linda mulher"" no cat√°logo",AnaBeatriz_0711,netflix,netflix,Twitter for Android,0.892684,1
5493,1450996649057308672,"fora isso acho sem necessidade, pelo menos sei q essa versao netflix sera melhor que a br kkkkkk",itsbaldini,netflix,netflix,Twitter for iPhone,-0.6732640000000001,-1
3245,1452603658512838656,@marcosmichalak @zito2020 @PatriciaKogut @globoplay Ser√≠ssimo !! Algum bug est√° dando,MazzaViviane,globoplay,globoplay,Twitter for iPhone,-0.754275,-1
1158,1450437375444856832,@g_garc2 APOIO kkkk fa√ßa me rir esse ai ta na disney!,Leandrolimaaofc,disney+,disney+,Twitter for Android,0.6582180000000001,1
6283,1450555155695513600,@NetflixBrasil Cad√™ namorado de natal? E n√£o teremos mais sequ√™ncia do Pr√≠ncipe de Natal? Gosto tanto senhora Netflix üå≤üå≤‚ù§Ô∏è,celinhaaa,netflix,netflix,Twitter for Android,0.714603,1
6631,1450264208852066304,Como you consegue ser t√£o ruim mas mesmo assim intrigante? E eu gosto do sarcasmo da s√©rie. Aff te odeio netflix,majups_,netflix,netflix,Twitter for Android,-0.978563,-1
2861,1450983375339130880,"@forumeplay @globoplay Lixo de app, eplay 
Tem que jogar fora e fazer de novo",rickvittorino,globoplay,globoplay,Twitter for iPhone,-0.891156,-1
1474,1449906697519214592,"@GustavinPlus @Daniel_gutiere Nunca vi! Conto de fada da Disney, passo haha üòë",cinestera,disney+,disney+,Twitter for iPhone,0.899835,1
8012,1449568856310177792,"Assisti Agora Estamos Sozinhos na #PrimeVideo mas que filme chato e mon√≥tono, muito ruim",crovislimone2,primevideo,primevideo,Twitter for iPhone,-0.9841059999999999,-1
3284,1452399737978621952,Como o aplicativo da HBO Max √© ruim. Minha nossa!,r0cc0,hbo max,hbomax,Twitter for Android,-0.911342,-1
2862,1450983374743654400,O @globoplay de Algu√©m t√° funcionando? #VerdadeSecretas2,RealityTvBr,globoplay,globoplay,Twitter for Android,-0.700993,-1
1449,1449956494947012608,@Dantinhas Me tornei quem eu mais temiaaa.. pq nessaaa tretaa to do ladoo do mc Disney e nao abro! Solange chataaa.. vitimista.. imatura!,IFLdesconhecida,disney+,disney+,Twitter for iPhone,-0.977784,-1
